{"document_layout": {"blocks": [{"block_id": "1", "text_block": {"text": "-סודי-", "type_": "paragraph"}, "page_span": {"page_start": 1, "page_end": 1}}, {"block_id": "2", "text_block": {"text": "נספח א'", "type_": "paragraph"}, "page_span": {"page_start": 1, "page_end": 1}}, {"block_id": "3", "text_block": {"text": "תפוצה:", "type_": "paragraph"}, "page_span": {"page_start": 1, "page_end": 1}}, {"block_id": "4", "text_block": {"text": "והוראות למילוי הטופס", "type_": "paragraph"}, "page_span": {"page_start": 1, "page_end": 1}}, {"block_id": "5", "text_block": {"text": "279", "type_": "paragraph"}, "page_span": {"page_start": 1, "page_end": 1}}, {"block_id": "6", "text_block": {"text": "لله", "type_": "paragraph"}, "page_span": {"page_start": 1, "page_end": 1}}, {"block_id": "7", "text_block": {"text": "הטופס ימולא ב-4 עותקים:", "type_": "paragraph"}, "page_span": {"page_start": 1, "page_end": 1}}, {"block_id": "8", "text_block": {"text": "מס' הבקשה בבימ\"ש ראשל\"צ", "type_": "paragraph"}, "page_span": {"page_start": 1, "page_end": 1}}, {"block_id": "9", "text_block": {"text": "משטרת", "type_": "paragraph"}, "page_span": {"page_start": 1, "page_end": 1}}, {"block_id": "10", "text_block": {"text": "ישראל", "type_": "paragraph"}, "page_span": {"page_start": 1, "page_end": 1}}, {"block_id": "11", "text_block": {"text": "1. למבקש - לתיק החקירה", "type_": "paragraph"}, "page_span": {"page_start": 1, "page_end": 1}}, {"block_id": "12", "text_block": {"text": "2. למבקש - לאוגדן צוי חיפוש", "type_": "paragraph"}, "page_span": {"page_start": 1, "page_end": 1}}, {"block_id": "13", "text_block": {"text": "3. לבימ\"ש - עם מתן ההחלטה", "type_": "paragraph"}, "page_span": {"page_start": 1, "page_end": 1}}, {"block_id": "14", "text_block": {"text": "מס' תיק ביחידה המבקשת :", "type_": "paragraph"}, "page_span": {"page_start": 1, "page_end": 1}}, {"block_id": "15", "text_block": {"text": "'32682/2018:", "type_": "paragraph"}, "page_span": {"page_start": 1, "page_end": 1}}, {"block_id": "16", "text_block": {"text": "3631-05-18", "type_": "paragraph"}, "page_span": {"page_start": 1, "page_end": 1}}, {"block_id": "17", "text_block": {"text": "תאריך: ראשון לציון (39)", "type_": "paragraph"}, "page_span": {"page_start": 1, "page_end": 1}}, {"block_id": "18", "text_block": {"text": "בתי משפט שלום ומשפחם.29.04", "type_": "paragraph"}, "page_span": {"page_start": 1, "page_end": 1}}, {"block_id": "19", "text_block": {"text": "4. למבקש - יוחזר לבית משפט", "type_": "paragraph"}, "page_span": {"page_start": 1, "page_end": 1}}, {"block_id": "20", "text_block": {"text": "02-05-2018", "type_": "paragraph"}, "page_span": {"page_start": 1, "page_end": 1}}, {"block_id": "21", "text_block": {"text": "בקשה להוצאת צו חיפוש", "type_": "paragraph"}, "page_span": {"page_start": 1, "page_end": 1}}, {"block_id": "22", "text_block": {"text": "חתימה", "type_": "paragraph"}, "page_span": {"page_start": 1, "page_end": 1}}, {"block_id": "23", "text_block": {"text": "נתקבל/נבדק", "type_": "paragraph"}, "page_span": {"page_start": 1, "page_end": 1}}, {"block_id": "24", "text_block": {"text": "(לפי סעיף 23 לפקודת סדר הדין הפלילי (מעצר וחיפוש) [נוסח חדש], תשכ\"ט1969-).", "type_": "paragraph"}, "page_span": {"page_start": 1, "page_end": 1}}, {"block_id": "25", "text_block": {"text": "בית המשפט השלום ב feks\"3", "type_": "paragraph"}, "page_span": {"page_start": 1, "page_end": 1}}, {"block_id": "26", "text_block": {"text": "אני הח\"מ", "type_": "paragraph"}, "page_span": {"page_start": 1, "page_end": 1}}, {"block_id": "27", "text_block": {"text": "1128040 רס\"מ", "type_": "paragraph"}, "page_span": {"page_start": 1, "page_end": 1}}, {"block_id": "28", "text_block": {"text": "רביב מרגלית", "type_": "paragraph"}, "page_span": {"page_start": 1, "page_end": 1}}, {"block_id": "29", "text_block": {"text": "חוקר", "type_": "paragraph"}, "page_span": {"page_start": 1, "page_end": 1}}, {"block_id": "30", "text_block": {"text": "היחידה הארנית akufק מספיאה", "type_": "paragraph"}, "page_span": {"page_start": 1, "page_end": 1}}, {"block_id": "31", "text_block": {"text": "כלכלית ורשות המיסים", "type_": "paragraph"}, "page_span": {"page_start": 1, "page_end": 1}}, {"block_id": "32", "text_block": {"text": "מס' אישי דרגה", "type_": "paragraph"}, "page_span": {"page_start": 1, "page_end": 1}}, {"block_id": "33", "text_block": {"text": "שם פרטי ומשפחה", "type_": "paragraph"}, "page_span": {"page_start": 1, "page_end": 1}}, {"block_id": "34", "text_block": {"text": "תפקיד", "type_": "paragraph"}, "page_span": {"page_start": 1, "page_end": 1}}, {"block_id": "35", "text_block": {"text": "יחידה", "type_": "paragraph"}, "page_span": {"page_start": 1, "page_end": 1}}, {"block_id": "36", "text_block": {"text": "מצהיר בזה כי -", "type_": "paragraph"}, "page_span": {"page_start": 1, "page_end": 1}}, {"block_id": "37", "text_block": {"text": "☑", "type_": "paragraph"}, "page_span": {"page_start": 1, "page_end": 1}}, {"block_id": "38", "text_block": {"text": "נעברה עבירה של (פרטי העבירה): קבלת ?כל האראה פנסיכות אמאירות, הכנת הון, קמfת anie, סקורת", "type_": "paragraph"}, "page_span": {"page_start": 1, "page_end": 1}}, {"block_id": "39", "text_block": {"text": "Nס הכנסה.", "type_": "paragraph"}, "page_span": {"page_start": 1, "page_end": 1}}, {"block_id": "40", "text_block": {"text": "☐", "type_": "paragraph"}, "page_span": {"page_start": 1, "page_end": 1}}, {"block_id": "41", "text_block": {"text": "☐", "type_": "paragraph"}, "page_span": {"page_start": 1, "page_end": 1}}, {"block_id": "42", "text_block": {"text": "☑", "type_": "paragraph"}, "page_span": {"page_start": 1, "page_end": 1}}, {"block_id": "43", "text_block": {"text": "☑ ☐", "type_": "paragraph"}, "page_span": {"page_start": 1, "page_end": 1}}, {"block_id": "44", "text_block": {"text": "☐", "type_": "paragraph"}, "page_span": {"page_start": 1, "page_end": 1}}, {"block_id": "45", "text_block": {"text": "(שם מלא) מתכוון לעבור עבירה נגד", "type_": "paragraph"}, "page_span": {"page_start": 1, "page_end": 1}}, {"block_id": "46", "text_block": {"text": "הנמצא בבית או במקום שלגביו מתבקש צו החיפוש.", "type_": "paragraph"}, "page_span": {"page_start": 1, "page_end": 1}}, {"block_id": "47", "text_block": {"text": "נחוץ חיפוש כדי להבטיח הצגת חפץ לצורך חקירה, משפט או הליך אחר (ההליך): חקירה פרטי החפץ / העבירה: כSon Ikil PNON f הרוסים לחקירה, לרבות אמא, ?כל הPenn Nin pfdN", "type_": "paragraph"}, "page_span": {"page_start": 1, "page_end": 1}}, {"block_id": "48", "text_block": {"text": "Nin pfCND Jaafi enn Nind האקוס, וכן חדירה נאסכת k3NJ5 201n fe denn anומ", "type_": "paragraph"}, "page_span": {"page_start": 1, "page_end": 1}}, {"block_id": "49", "text_block": {"text": "denn 38ורק סריקה ו/או הסקת fe pofa אסאכים ומוארים הקשורים לחקירה, רמות pijlakfa", "type_": "paragraph"}, "page_span": {"page_start": 1, "page_end": 1}}, {"block_id": "50", "text_block": {"text": "פרטי המקום: יניב לוי ת.ז. 29501582, בביתו שברחוב הנשיא 44 בית שמש, וכן בכל מקום אחר שבהחזקתו או ברשותו. מאוחסן במקום חפץ שנעברה בו או לגביו עבירה (פרטי החפץ, העבירה והמקום): נשמר או מאוחסן במקום חפץ שמתכוונים להשתמש בו למטרה בלתי חוקית (פרטי החפץ, המקום והמטרה הבלתי חוקית):", "type_": "paragraph"}, "page_span": {"page_start": 1, "page_end": 1}}, {"block_id": "51", "text_block": {"text": "סיבה אחרת (פרט): קביעתי מבוססת על (פרט ככל האפשר): לפיכך הנני מבקש לצוות על עריכת חיפוש בכתובת/ות המפורט/ות להלן, לשם תפיסת החפצים המנויים לעיל. הנני מבקש מכבוד בית המשפט לצוות על שמירת סודיות ביחס למי שצו זה נוגע לעניינו.", "type_": "paragraph"}, "page_span": {"page_start": 1, "page_end": 1}}, {"block_id": "52", "text_block": {"text": "אני מצהיר כי:", "type_": "paragraph"}, "page_span": {"page_start": 1, "page_end": 1}}, {"block_id": "53", "text_block": {"text": "☑", "type_": "paragraph"}, "page_span": {"page_start": 1, "page_end": 1}}, {"block_id": "54", "text_block": {"text": "☐", "type_": "paragraph"}, "page_span": {"page_start": 1, "page_end": 1}}, {"block_id": "55", "text_block": {"text": "לפי מיטב ידיעתי לא הייתה פניה להוצאת צו חיפוש לגבי אותו בית או מקום או אדם, בשלושת החודשים האחרונים, באותו עניין. הייתה פנייה להוצאת צו חיפוש לגבי אותו בית או מקום או אדם, בשלושת החודשים האחרונים.", "type_": "paragraph"}, "page_span": {"page_start": 1, "page_end": 1}}, {"block_id": "56", "text_block": {"text": "ביום בבית משפט ה pife", "type_": "paragraph"}, "page_span": {"page_start": 1, "page_end": 1}}, {"block_id": "57", "text_block": {"text": "☐", "type_": "paragraph"}, "page_span": {"page_start": 1, "page_end": 1}}, {"block_id": "58", "text_block": {"text": "☐", "type_": "paragraph"}, "page_span": {"page_start": 1, "page_end": 1}}, {"block_id": "59", "text_block": {"text": "☐", "type_": "paragraph"}, "page_span": {"page_start": 1, "page_end": 1}}, {"block_id": "60", "text_block": {"text": "לא ניתן צו חיפוש", "type_": "paragraph"}, "page_span": {"page_start": 1, "page_end": 1}}, {"block_id": "61", "text_block": {"text": "ניתן צו ובוצע ביום", "type_": "paragraph"}, "page_span": {"page_start": 1, "page_end": 1}}, {"block_id": "62", "text_block": {"text": "הצו לא בוצע מאחר ש", "type_": "paragraph"}, "page_span": {"page_start": 1, "page_end": 1}}, {"block_id": "63", "text_block": {"text": "נחתם בפני השופט", "type_": "paragraph"}, "page_span": {"page_start": 1, "page_end": 1}}, {"block_id": "64", "text_block": {"text": "תשובות מבקש הצו לשאלות בית-המשפט", "type_": "paragraph"}, "page_span": {"page_start": 1, "page_end": 1}}, {"block_id": "65", "text_block": {"text": "ביום", "type_": "paragraph"}, "page_span": {"page_start": 1, "page_end": 1}}, {"block_id": "66", "text_block": {"text": "לאחר אזהרה כחוק.", "type_": "paragraph"}, "page_span": {"page_start": 1, "page_end": 1}}, {"block_id": "67", "text_block": {"text": "חתימת המבקש", "type_": "paragraph"}, "page_span": {"page_start": 1, "page_end": 1}}, {"block_id": "68", "text_block": {"text": "02/05/18", "type_": "paragraph"}, "page_span": {"page_start": 2, "page_end": 2}}, {"block_id": "69", "text_block": {"text": "3631-05-18.", "type_": "paragraph"}, "page_span": {"page_start": 2, "page_end": 2}}, {"block_id": "70", "text_block": {"text": "החלטת השופט / צו חיפוש", "type_": "paragraph"}, "page_span": {"page_start": 2, "page_end": 2}}, {"block_id": "71", "text_block": {"text": "נספח ב'", "type_": "paragraph"}, "page_span": {"page_start": 2, "page_end": 2}}, {"block_id": "72", "text_block": {"text": "מס' תיק בבימ\"ש ראשל\"צ מס' תיק ביחידה פלא", "type_": "paragraph"}, "page_span": {"page_start": 2, "page_end": 2}}, {"block_id": "73", "text_block": {"text": "32682/2018", "type_": "paragraph"}, "page_span": {"page_start": 2, "page_end": 2}}, {"block_id": "74", "text_block": {"text": "שם היחידה : יאל\"כ", "type_": "paragraph"}, "page_span": {"page_start": 2, "page_end": 2}}, {"block_id": "75", "text_block": {"text": "29.04.2018 :תאריך", "type_": "paragraph"}, "page_span": {"page_start": 2, "page_end": 2}}, {"block_id": "76", "text_block": {"text": "☐", "type_": "paragraph"}, "page_span": {"page_start": 2, "page_end": 2}}, {"block_id": "77", "text_block": {"text": "הופיע בפני רס\"מ רביב מרגלית ולאחר שהוזהר כחוק והבין את האזהרה ואימת את תוכן הבקשה ובהסתמך על", "type_": "paragraph"}, "page_span": {"page_start": 2, "page_end": 2}}, {"block_id": "78", "text_block": {"text": "בתאריך חומר שהומצא לי, אני מחליט: לדחות את הבקשה הואיל ו", "type_": "paragraph"}, "page_span": {"page_start": 2, "page_end": 2}}, {"block_id": "79", "text_block": {"text": "☐", "type_": "paragraph"}, "page_span": {"page_start": 2, "page_end": 2}}, {"block_id": "80", "text_block": {"text": "☐", "type_": "paragraph"}, "page_span": {"page_start": 2, "page_end": 2}}, {"block_id": "81", "text_block": {"text": "להיעתר לבקשה, פרט בתמציתיות מהות החשד והעילה למתן הצו", "type_": "paragraph"}, "page_span": {"page_start": 2, "page_end": 2}}, {"block_id": "82", "text_block": {"text": "រ", "type_": "paragraph"}, "page_span": {"page_start": 2, "page_end": 2}}, {"block_id": "83", "text_block": {"text": "אני מתיר לאסטרת ישרא היחידה הכלכלית ורשות המיסים_לערוך חיפוש אצל :", "type_": "paragraph"}, "page_span": {"page_start": 2, "page_end": 2}}, {"block_id": "84", "text_block": {"text": "יניב לוי ת.ז. 29501582, בביתו שברחוב הנשיא 44 בית שמש, וכן בכל מקום אחר שבהחזקתו או ברשותו. ולתפוס את החפצים הבאים: כfan Ikll PNON f הרוסים חקירה, רכות wenn, ?כל האסfס מואר", "type_": "paragraph"}, "page_span": {"page_start": 2, "page_end": 2}}, {"block_id": "85", "text_block": {"text": "pfen af denn מואלf האקוס, וכן חדירה נאסכת k3NJA POIN de wenn nini wenn כים ומוארים הקטוריםnon fe pofa הסקת Ikil כולק סריקהf .aeכמות כונן אמ senn Nin .pijiakfa niaaf ,חקירה", "type_": "paragraph"}, "page_span": {"page_start": 2, "page_end": 2}}, {"block_id": "86", "text_block": {"text": "הנני אווה e f8אילת סוריות מיחס fאי 138 25 811 88יין. החיפוש: ייערך בפני שני עדים שאינם שוטרים [כפוף להוראות סעיף 26 לפקודות סדר הדין הפלילי (מעצר וחיפוש)]. לא ייערך בפני עדים (פרט הסיבה): מואר אe penהמרירה אfיו נאפית מאאקרת איכוי ראיות 183Nka 6כנוfוסייק אסוואיס וfכן אתמקמת ההתקה kff נוכחות אריס.", "type_": "paragraph"}, "page_span": {"page_start": 2, "page_end": 2}}, {"block_id": "87", "text_block": {"text": "הערות :", "type_": "paragraph"}, "page_span": {"page_start": 2, "page_end": 2}}, {"block_id": "88", "text_block": {"text": "☑", "type_": "paragraph"}, "page_span": {"page_start": 2, "page_end": 2}}, {"block_id": "89", "text_block": {"text": "חומר מחשב על ידי חוקר מחשב מיומן.", "type_": "paragraph"}, "page_span": {"page_start": 2, "page_end": 2}}, {"block_id": "90", "text_block": {"text": "אין להשתמש בצו זה למטרה שאינה מפורטת לעיל [בכפיפות לסעיף 24 לפקודת סדר הדין הפלילי (מעצר וחיפוש)]. אין להשתמש בצו זה יותר מפעם אחת. תוקפו של צו זה הוא 30 ימים מיום הוצאתו. עותק מצו חיפוש יימסר לידי המחזיק. על המבצע להחזיר לביהמ\"ש את אישור ביצוע הצו, בצירוף פרוטוקול החיפוש או לאחר 60 יום את הצו עצמו, אם לא בוצע, בצירוף הסיבה לכך. הערה: זכותו של התובע לזכות בחפץ/ים שנתפס/ו לפנות לבית-משפט השלום בעתירה להחזרת חפץ /ים לפי סעיף 34 לפקודה.", "type_": "paragraph"}, "page_span": {"page_start": 2, "page_end": 2}}, {"block_id": "91", "text_block": {"text": "עמים מיבלטון תשפט\"ש", "type_": "paragraph"}, "page_span": {"page_start": 2, "page_end": 2}}, {"block_id": "92", "text_block": {"text": "תאריך", "type_": "paragraph"}, "page_span": {"page_start": 2, "page_end": 2}}, {"block_id": "93", "text_block": {"text": "שם השופט", "type_": "paragraph"}, "page_span": {"page_start": 2, "page_end": 2}}, {"block_id": "94", "text_block": {"text": "פטת השופט תפוצה: 1. למבקש - לתיק החקירה; 2. למבקש - לאוגדן צוות חיפוש;", "type_": "paragraph"}, "page_span": {"page_start": 2, "page_end": 2}}, {"block_id": "95", "text_block": {"text": "02-05-2018", "type_": "paragraph"}, "page_span": {"page_start": 2, "page_end": 2}}, {"block_id": "96", "text_block": {"text": "3. לבימ\"ש - במצורף לבקשה; 4. למחזיק המקום / לבימ\"ש אם לא בוצע הצו.", "type_": "paragraph"}, "page_span": {"page_start": 2, "page_end": 2}}, {"block_id": "97", "text_block": {"text": "בית משפט השלום", "type_": "paragraph"}, "page_span": {"page_start": 2, "page_end": 2}}, {"block_id": "98", "text_block": {"text": "ראשון לציון (2)", "type_": "paragraph"}, "page_span": {"page_start": 2, "page_end": 2}}, {"block_id": "99", "text_block": {"text": ")29( סודי-", "type_": "paragraph"}, "page_span": {"page_start": 2, "page_end": 2}}, {"block_id": "100", "text_block": {"text": "אשון לציון", "type_": "paragraph"}, "page_span": {"page_start": 2, "page_end": 2}}, {"block_id": "101", "text_block": {"text": "מס' תיק בבימ\"ש ב\"ש", "type_": "paragraph"}, "page_span": {"page_start": 2, "page_end": 2}}, {"block_id": "102", "text_block": {"text": "מס' תיק ביחידה", "type_": "paragraph"}, "page_span": {"page_start": 2, "page_end": 2}}, {"block_id": "103", "text_block": {"text": "☐", "type_": "paragraph"}, "page_span": {"page_start": 2, "page_end": 2}}, {"block_id": "104", "text_block": {"text": "שם היחידה", "type_": "paragraph"}, "page_span": {"page_start": 2, "page_end": 2}}, {"block_id": "105", "text_block": {"text": "☐ ☐", "type_": "paragraph"}, "page_span": {"page_start": 2, "page_end": 2}}, {"block_id": "106", "text_block": {"text": "אישור ביצוע", "type_": "paragraph"}, "page_span": {"page_start": 2, "page_end": 2}}, {"block_id": "107", "text_block": {"text": "הצו בוצע ביום", "type_": "paragraph"}, "page_span": {"page_start": 2, "page_end": 2}}, {"block_id": "108", "text_block": {"text": "על ידי", "type_": "paragraph"}, "page_span": {"page_start": 2, "page_end": 2}}, {"block_id": "109", "text_block": {"text": "רצ\"ב פרוטוקול החיפוש.", "type_": "paragraph"}, "page_span": {"page_start": 2, "page_end": 2}}, {"block_id": "110", "text_block": {"text": "הצו לא בוצע מאחר ש", "type_": "paragraph"}, "page_span": {"page_start": 2, "page_end": 2}}, {"block_id": "111", "text_block": {"text": "דרגה", "type_": "paragraph"}, "page_span": {"page_start": 2, "page_end": 2}}, {"block_id": "112", "text_block": {"text": "חתימה.", "type_": "paragraph"}, "page_span": {"page_start": 2, "page_end": 2}}, {"block_id": "113", "text_block": {"text": "משרד המשפטים", "type_": "paragraph"}, "page_span": {"page_start": 3, "page_end": 3}}, {"block_id": "114", "text_block": {"text": "מסמך זה הינו העתק שנסרק בשלמותו ביום ובשעה המצוינים,", "type_": "paragraph"}, "page_span": {"page_start": 3, "page_end": 3}}, {"block_id": "115", "text_block": {"text": "בסריקה ממוחשבת מהימנה מהמסמך המצוי בתיק,", "type_": "paragraph"}, "page_span": {"page_start": 3, "page_end": 3}}, {"block_id": "116", "text_block": {"text": "בהתאם לנוהל הבדיקות במשרד המשפטים.", "type_": "paragraph"}, "page_span": {"page_start": 3, "page_end": 3}}, {"block_id": "117", "text_block": {"text": "על החתום", "type_": "paragraph"}, "page_span": {"page_start": 3, "page_end": 3}}, {"block_id": "118", "text_block": {"text": "משרד המשפטים (חתימה מוסדית).", "type_": "paragraph"}, "page_span": {"page_start": 3, "page_end": 3}}, {"block_id": "119", "text_block": {"text": "Geoda", "type_": "paragraph"}, "page_span": {"page_start": 3, "page_end": 3}}, {"block_id": "120", "text_block": {"text": "24 May 2022 01:53:47 +03:00", "type_": "paragraph"}, "page_span": {"page_start": 3, "page_end": 3}}, {"block_id": "121", "text_block": {"text": "משרד המשפטים מסמך זה הינו העתק שנסרק בשלמותו ביום ום ובשעה המצוינים. בסריקה ממוחשבת מהימנה מהמסמך המצוי בתיק. בהתאם לנוהל הבדיקות במשרד המשפטים. על החתום משרד המשפטים (חתימה מוסדית).", "type_": "paragraph"}, "page_span": {"page_start": 3, "page_end": 3}}]}}